Source;Target
mauro_serafin;mercedesamgf1
mauro_serafin;scuderiaferrari
mauro_serafin;formulahumor
marcoasfalto;graftechweb
marcoasfalto;vettel_formel1
marcoasfalto;lovemaurizio
marcoasfalto;alessandrosala1
marcoasfalto;anto_giovinazzi
oz_f1_motogp;scuderiaferrari
oz_f1_motogp;f1
oz_f1_motogp;wtf1official
ed96webchannel;valtteribottas
ed96webchannel;lewishamilton
ed96webchannel;skysportf1hd
factuallmpala;wtf1official
zaharamossman;mercedesamgf1
zaharamossman;scuderiaferrari
zaharamossman;momentsau
zaharamossman;gianludale27
zaharamossman;f1
dburgersdijk;svandoorne
arradmanesh;oconesteban
arradmanesh;forceindiaf1
arradmanesh;f1
arradmanesh;sebvettelnews
arradmanesh;skysportsf1
1medders1;mercedesamgf1
1medders1;scuderiaferrari
1medders1;formulahumor
eko_sap56963457;pirellisport
eko_sap56963457;graftechweb
eko_sap56963457;vettel_formel1
eko_sap56963457;alessandrosala1
eko_sap56963457;lovemaurizio
thevijaymallya;oconesteban
thevijaymallya;forceindiaf1
thevijaymallya;f1
emma2kroby;suttonimages
emma2kroby;mercedesamgf1
emma2kroby;lewishamilton
1986juventus;1986juventus
1986juventus;motorsport_it
h3r3w3g03;fansofkr
h3r3w3g03;ausgrandprix
johnni47973385;mercedesamgf1
johnni47973385;scuderiaferrari
johnni47973385;momentsau
faqiherbara;f1
faqiherbara;ausgrandprix
faqiherbara;svandoorne
kplumel;renaultsportf1
kplumel;f1
kplumel;nico_rosberg
sarik31;mercedesamgf1
sarik31;scuderiaferrari
sarik31;formulahumor
scud3k_;scuderiaferrari
gremlins2012;oconesteban
gremlins2012;f1
gremlins2012;laf1surcanal
pimsterenberg;bah_int_circuit
pimsterenberg;ausgrandprix
pimsterenberg;f1
shel_hwds;mralexf1
shel_hwds;allthingsvettel
shel_hwds;sebvettelnews
fhollauf;f1_vettel
fhollauf;scuderiaferrari
fhollauf;f1
lzlark;ericsson_marcus
lzlark;sauberf1team
lzlark;tororossospy
lzlark;anto_giovinazzi
lzlark;f1
lzlark;mclarenf1
spinosoangelo;graftechweb
spinosoangelo;vettel_formel1
spinosoangelo;lovemaurizio
spinosoangelo;anto_giovinazzi
spinosoangelo;alessandrosala1
motorsport_it;motorsport_it
spinosoangelo;motorsport_it
simongbrooks;mclarenf1
mahmad4457;mercedesbenzmx
mahmad4457;mclarenf1
mahmad4457;valtteribottas
mahmad4457;lewishamilton
mahmad4457;mercedesamgf1
mahmad4457;scuderiaferrari
thomassenecal;scuderiaferrari
thomassenecal;laf1surcanal
lauraduracell;schecoperez
lauraduracell;laaficion
lauraduracell;pirellisport
mashiromartinez;suttonimages
dexpress_sport;dexpress_sport
mashiromartinez;dexpress_sport
mashiromartinez;lewishamilton
mashiromartinez;sebvettelnews
mashiromartinez;scuderiaferrari
mashiromartinez;f1
fabiobusolo;valtteribottas
fabiobusolo;lewishamilton
fabiobusolo;skysportf1hd
fabiobusolo;scuderiaferrari
sinkoftears;formulahumor
sinkoftears;mercedesamgf1
sinkoftears;scuderiaferrari
anamariia_k;ausgrandprix
anamariia_k;f1
moey2612;mercedesamgf1
moey2612;momentsau
moey2612;scuderiaferrari
giova_s_89;valtteribottas
giova_s_89;lewishamilton
giova_s_89;skysportf1hd
htswjgblues1;mercedesamgf1
camigl10;valtteribottas
camigl10;f1
kingkongtv;aztecaguate
kingkongtv;scuderiaferrari
kingkongtv;f1
ruizecheverria;scuderiaferrari
ruizecheverria;ruizecheverria
thomasmiles77;georgeyhowson95
thomasmiles77;alayzell20297
thomasmiles77;essaarmsport
thomasmiles77;_helenahicks
diabloesparza;valtteribottas
diabloesparza;f1
diabloesparza;mercedesamgf1
diabloesparza;scuderiaferrari
cec_thaina;suttonimages
cec_thaina;mercedesamgf1
cec_thaina;lewishamilton
saetta_mcqueen;skysportf1hd
saetta_mcqueen;scuderiaferrari
saetta_mcqueen;giulialabo
delavallee27;thomassenecal
delavallee27;valtteribottas
delavallee27;mercedesamgf1
_helenahicks;alayzell20297
_helenahicks;essaarmsport
nuzzl33man;nuzzl33man
nuzzl33man;f1
nuzzl33man;anto_giovinazzi
josephf198;bravofernandof1
alycienta_44;alycienta_44
alycienta_44;anto_giovinazzi
bellatmg;f1
bellatmg;max33verstappen
bellatmg;valtteribottas
rbeef81;valtteribottas
rbeef81;alo_oficial
rbeef81;danielricciardo
rbeef81;haasf1team
cconcep240;scuderiaferrari
cconcep240;f1
cconcep240;pirellisport
cconcep240;formulahumor
oxodox;f1
oxodox;oxodox
totalplayco;rtlde
totalplayco;f1
totalplayco;podolski10
ashdawson147;mercedesamgf1
ashdawson147;valtteribottas
ashdawson147;f1
ashdawson147;scuderiaferrari
naz3em;valtteribottas
naz3em;mercedesamgf1
_dieciagosto;andersonlaura12
_dieciagosto;mattzel89
federicolescano;soy_f1
kaikgrig;forceindiaf1
kaikgrig;kaikgrig
f1_girl_sv;mattzel89
laurent_bouchet;svandoorne
laurent_bouchet;oconesteban
laurent_bouchet;forceindiaf1
laurent_bouchet;f1
laurent_bouchet;laf1surcanal
crf_marcoos;valtteribottas
crf_marcoos;lewishamilton
crf_marcoos;managerchampion
josemanuel_28;movistar_f1
josemanuel_28;noemidemiguel
josemanuel_28;pirellisport
realjohnyromero;rtlde
realjohnyromero;podolski10
realjohnyromero;f1
vitors2000;valtteribottas
vitors2000;lewishamilton
vitors2000;managerchampion
sadler08;scuderiaferrari
sadler08;mercedesamgf1
sadler08;valtteribottas
sadler08;c4f1
ajl_f1;essaargp
alayzell20297;essaargp
alayzell20297;ajl_f1
gummy_liz;scuderiaferrari
gummy_liz;f1
gummy_liz;sebvettelnews
gummy_liz;nico_rosberg
gucepeda;gnsolito
gucepeda;mercedesamgf1
gucepeda;scuderiaferrari
gucepeda;formulahumor
mathhscosta;valtteribottas
mathhscosta;lewishamilton
mathhscosta;managerchampion
franckdeabreu;f1
franckdeabreu;max33verstappen
franckdeabreu;valtteribottas
franckdeabreu;mclarenf1
adrysns916;scuderiaferrari
adrysns916;f1
kendizzlex3;andersonlaura12
managerchampion;valtteribottas
managerchampion;lewishamilton
jb5estrelas;managerchampion
jb5estrelas;valtteribottas
jb5estrelas;lewishamilton
ispanico14;valtteribottas
ispanico14;lewishamilton
ispanico14;skysportf1hd
ispanico14;scuderiaferrari
antomdcccxxi;mercedesamgf1
antomdcccxxi;scuderiaferrari
antomdcccxxi;formulahumor
tindelcristhian;f1_paraguay
tindelcristhian;forof1paraguay
tindelcristhian;f1
tindelcristhian;mclarenf1
jaymilee_;c4f1
jaymilee_;ausgrandprix
jaymilee_;f1
nicoleninaf1;wtf1official
nicoleninaf1;mclarenf1
nicoleninaf1;hondaracingf1
nicoleninaf1;svandoorne
nicoleninaf1;alo_oficial
nicoleninaf1;f1
nicoleninaf1;ausgrandprix
ss_may5;danielricciardo
ss_may5;ausgrandprix
ss_may5;redbullracing
ss_may5;f1
ss_may5;sebvettelnews
ss_may5;gianludale27
elegbete1;mercedesamgf1
72kareem;svandoorne
72kareem;mclarenf1
72kareem;andersonlaura12
clarosports;clarosports
luxuschrono;f1
luxuschrono;forceindiaf1
luxuschrono;mercedesamgf1
luxuschrono;nico_rosberg
fc3srx7rx7;sebvettelnews
fc3srx7rx7;f1gate
fc3srx7rx7;scuderiaferrari
fc3srx7rx7;f1
jamirocali;mercedesamgf1
jamirocali;scuderiaferrari
jamirocali;formulahumor
william50386522;mercedesamgf1
william50386522;valtteribottas
california458;forceindiaf1
california458;alo_oficial
california458;f1
california458;oconesteban
pieroladisa;pieroladisa
eli_valli;oconesteban
eli_valli;forceindiaf1
eli_valli;f1
mjeedalhidan;scuderiaferrari
mjeedalhidan;f1
mjeedalhidan;wtf1official
stevestevens47;haasf1team
stevestevens47;paddylowe
stevestevens47;stevestevens47
stevestevens47;sauberf1team
stevestevens47;ericsson_marcus
stevestevens47;anto_giovinazzi
stevestevens47;renaultsportf1
stevestevens47;hulkhulkenberg
stevestevens47;ausgrandprix
stevestevens47;kvyatofficial
stevestevens47;carlossainz55
stevestevens47;tororossospy
stevestevens47;mclarenf1
stevestevens47;svandoorne
stevestevens47;williamsracing
stevestevens47;massafelipe19
stevestevens47;forceindiaf1
stevestevens47;oconesteban
stevestevens47;mercedesamgf1
stevestevens47;scuderiaferrari
danielsahne94;scuderiaferrari
danielsahne94;valtteribottas
danielsahne94;f1
danielsahne94;max33verstappen
yt5528;massafelipe19
yt5528;williamsracing
elisagaggioli;elisagaggioli
d_victormartil;movistar_f1
d_victormartil;noemidemiguel
d_victormartil;pirellisport
f1_images;ericsson_marcus
f1_images;mclarenf1
f1_images;anto_giovinazzi
f1_images;sauberf1team
f1_images;tororossospy
f1_images;forceindiaf1
f1_images;massafelipe19
f1_images;williamsracing
f1_images;redbullracing
f1_images;mercedesamgf1
f1_images;scuderiaferrari
habraham15;enricotornello
habraham15;laf1surcanal
habraham15;motorlat
habraham15;f1
carlitosj2011;enricotornello
carlitosj2011;f1latinamerica
carlitosj2011;f1
carlitosj2011;forof1paraguay
carlitosj2011;f1_paraguay
kleoshloss1;mercedesamgf1
kleoshloss1;scuderiaferrari
kleoshloss1;formulahumor
kleoshloss1;scuderia7
scotland2888;scuderiaferrari
scotland2888;f1
scotland2888;max33verstappen
scotland2888;skysportsf1
scotland2888;valtteribottas
scotland2888;ausgrandprix
scotland2888;oconesteban
scotland2888;forceindiaf1
scotland2888;danielricciardo
scotland2888;redbullracing
scotland2888;mercedesamgf1
carvajavo;motorlat
carvajavo;pirellisport
mohdawwal_;lewishamilton
mohdawwal_;alo_oficial
mohdawwal_;mercedesamgf1
elierizkf1;scuderiaferrari
eko_sap56963457;elierizkf1
eko_sap56963457;scuderiaferrari
eko_sap56963457;andersonlaura12
eko_sap56963457;renaultsportf1
eko_sap56963457;mattzel89
eko_sap56963457;oconesteban
eko_sap56963457;anto_giovinazzi
eko_sap56963457;skysportf1hd
giulialabo;scuderiaferrari
giulialabo;f1
giulialabo;formulahumor
giulialabo;oconesteban
giulialabo;anto_giovinazzi
giulialabo;skysportf1hd
karol__crf;suttonimages
karol__crf;mercedesamgf1
karol__crf;lewishamilton
fishtrenado;momentses
fishtrenado;laaficion
fishtrenado;schecoperez
fishtrenado;scuderiaferrari
fishtrenado;a3formula1
fishtrenado;pirellisport
fishtrenado;carlossainz55
fishtrenado;laf1surcanal
fishtrenado;motorlat
fishtrenado;telemetricof1
irina05791;ausgrandprix
irina05791;f1
irina05791;lewishamilton
irina05791;mercedesamgf1
mardiso20;skysportf1hd
mardiso20;skysport
mardiso20;scuderiaferrari
marco_rv94;valtteribottas
marco_rv94;lewishamilton
marco_rv94;skysportf1hd
perhapschiba;pirellisport
perhapschiba;f1
perhapschiba;danielricciardo
amitsingh8888;oconesteban
amitsingh8888;forceindiaf1
amitsingh8888;f1
cohenleoncarlos;wtf1official
cohenleoncarlos;scuderiaferrari
cohenleoncarlos;f1
jeantonnerot;michaelcarus0
jeantonnerot;toddkellyracing
jeantonnerot;nissan_msport
jenlove48;vettel_formel1
jenlove48;scuderiaferrari
masterlap_com;masterlap_com
masterlap_com;valtteribottas
masterlap_com;lewishamilton
ivanngfok;ivanngfok
ivanngfok;scuderiaferrari
ivanngfok;f1
rach_f1;ffsgiovinco
rach_f1;alexs1man
awaisssss_;f1
awaisssss_;scuderiaferrari
awaisssss_;suttonimages
awaisssss_;mercedesamgf1
awaisssss_;lewishamilton
awaisssss_;valtteribottas
skysport;oconesteban
skysport;anto_giovinazzi
skysport;skysportf1hd
matazaleras97;scuderiaferrari
arseniy1980;ausgrandprix
arseniy1980;f1
arseniy1980;lewishamilton
arseniy1980;mercedesamgf1
arseniy1980;valtteribottas
alayzell20297;essaarmsport
f1fanster1217;mercedesamgf1
f1fanster1217;scuderiaferrari
f1fanster1217;formulahumor
f1fanster1217;gianludale27
fia_formula_1;fia_formula_1
djpbut;fia_formula_1
djpbut;f1fanatic_co_uk
djpbut;max33verstappen
djpbut;redbullracing
djpbut;forceindiaf1
djpbut;massafelipe19
djpbut;williamsracing
alpdavies;scuderiaferrari
alpdavies;mercedesamgf1
alpdavies;lewishamilton
ladakatokkon;f1
ladakatokkon;ladakatokkon
f1_daniel5;gianludale27
mngming88;ausgrandprix
mngming88;f1
mngming88;skysportsf1
mngming88;scuderiaferrari
motorlat;motorlat
motorlat;pirellisport
sergiogvidrio;valtteribottas
sergiogvidrio;lewishamilton
sergiogvidrio;mercedesamgf1
sergiogvidrio;mercedesbenzmx
iclaud90;oconesteban
iclaud90;anto_giovinazzi
iclaud90;skysportf1hd
guanmingy;ausgrandprix
guanmingy;f1
guanmingy;skysportsf1
guanmingy;scuderiaferrari
bravofernandof1;bravofernandof1
filhopaulo2012;sebvettelnews
filhopaulo2012;scuderiaferrari
filhopaulo2012;f1
en_aizuddin;mercedesamgf1
en_aizuddin;scuderiaferrari
en_aizuddin;formulahumor
nadalvettel;nadalvettel
nadalvettel;scuderiaferrari
alejand20099936;pirellisport
alejand20099936;mercedesbenzmx
alejand20099936;mercedesamgf1
alejand20099936;f1
alejand20099936;tororossospy
alejand20099936;redbullracing
alejand20099936;valtteribottas
alejand20099936;f1fanatic_co_uk
alejand20099936;nico_rosberg
alejand20099936;hulkhulkenberg
alejand20099936;renaultsportf1
alejand20099936;oconesteban
alejand20099936;forceindiaf1
alejand20099936;ausgrandprix
alejand20099936;scuderiaferrari
alejand20099936;kvyatofficial
alejand20099936;lewishamilton
alejand20099936;svandoorne
luizeduardo1311;valtteribottas
luizeduardo1311;f1
luizeduardo1311;scuderiaferrari
proassad;momentsau
proassad;scuderiaferrari
proassad;f1
proassad;max33verstappen
proassad;valtteribottas
proassad;mercedesamgf1
proassad;svandoorne
proassad;ausgrandprix
proassad;oconesteban
proassad;forceindiaf1
erickreynal;carlossainz55
erickreynal;f1
erickreynal;tororossospy
erickreynal;kvyatofficial
skysportf1hd;anto_giovinazzi
vittoria510;anto_giovinazzi
vittoria510;oconesteban
vittoria510;skysportf1hd
adhyra80;scuderiaferrari
adhyra80;f1
blueboopsc;kvyatofficial
blueboopsc;ausgrandprix
blueboopsc;wtf1official
micholspalag;scuderiaferrari
micholspalag;f1
micholspalag;forof1paraguay
januszcwikla;mercedesamgf1
aitor10000;alo_oficial
aitor10000;lewishamilton
aitor10000;mercedesamgf1
brianwalkerchi;mercedesamgf1
brianwalkerchi;scuderiaferrari
brianwalkerchi;f1
mexicogp;mexicogp
ozillemnoslen;formula1fanzone
ozillemnoslen;scuderiaferrari
ozillemnoslen;f1
f1gate;f1gate
motorsport_ed;motorsport
motorsport_ed;motorsport_ed
f1fanatic_co_uk;f1fanatic_co_uk
mireillebrigit;svandoorne
mireillebrigit;andersonlaura12
mireillebrigit;alexs1man
mireillebrigit;danielricciardo
mireillebrigit;redbullracing
mireillebrigit;max33verstappen
mireillebrigit;f1
mireillebrigit;mclarenf1
f1_paraguay;f1_paraguay
forof1paraguay;f1_paraguay
a3formula1;a3formula1
amsuazac;scuderiaferrari
amsuazac;gianludale27
amsuazac;f1
patrick_henz;gianludale27
filippo898;skytg24
filippo898;f1_vettel
filippo898;f1
filippo898;valtteribottas
filippo898;lewishamilton
filippo898;skysportf1hd
filippo898;scuderiaferrari
filippo898;mercedesamgf1
skysportf1hd;oconesteban
iamshaishak;f1
iamshaishak;scuderiaferrari
iamshaishak;danielricciardo
beglamourf1;mclarenf1
scuderia7;scuderia7
oto_sports;oto_sports
oto_sports;tororossospy
oto_sports;scuderiaferrari
_moscardino;_moscardino
enricotornello;enricotornello
gianludale27;gianludale27
phonexfly;forceindiaf1
phonexfly;scuderiaferrari
phonexfly;f1
drifdk;michaelcarus0
drifdk;toddkellyracing
drifdk;nissan_msport
robertobaann;mercedesamgf1
robertobaann;lewishamilton
robertobaann;valtteribottas
robertobaann;scuderiaferrari
cheekycorini;ausgrandprix
cheekycorini;tororossospy
cheekycorini;danielricciardo
cheekycorini;max33verstappen
cheekycorini;redbullracing
ikolataworld;scuderiaferrari
ikolataworld;f1
ikolataworld;ikolataworld
natan_silva77;skysportsf1
natan_silva77;lewishamilton
natan_silva77;mercedesamgf1
natan_silva77;williamsracing
espectadepor;scuderiaferrari
espectadepor;f1
espectadepor;sebvettelnews
lean_tperez;lewishamilton
lean_tperez;mercedesamgf1
lean_tperez;ausgrandprix
lean_tperez;f1
wagnercabbral;allthingsvettel
wagnercabbral;sebvettelnews
wagnercabbral;mralexf1
alycienta_44;scuderiaferrari
alycienta_44;f1
rach_f1;rach_f1
tokyo_to_japan;hondaracingf1
tokyo_to_japan;mclarenf1
tokyo_to_japan;scuderiaferrari
tokyo_to_japan;f1
jyc73;ausgrandprix
jyc73;f1
jyc73;scuderiaferrari
filhopaulo2012;mercedesamgf1
filhopaulo2012;formulahumor
filhopaulo2012;allthingsvettel
matazaleras97;matazaleras97
joyman007;joyman007
joyman007;mercedesamgf1
jeseluna8;a3formula1
jeseluna8;jeseluna8
lewis_angelo;movistar_f1
lewis_angelo;noemidemiguel
lewis_angelo;pirellisport
elegbete1;valtteribottas
elegbete1;lewishamilton
sicial;sicial
sicial;scuderiaferrari
petersaddicted;gnsolito
petersaddicted;scuderiaferrari
petersaddicted;saetta_mcqueen
anamariia_k;valtteribottas
anamariia_k;mercedesamgf1
motorsport_it;f1
arthshelby;scuderiaferrari
arthshelby;arthshelby
julien_f1;wtf1official
julien_f1;ausgrandprix
julien_f1;f1
hashimamla03ha;aus_airforce
hashimamla03ha;danielricciardo
hashimamla03ha;redbullracing
williammwangi;nico_rosberg
williammwangi;valtteribottas
williammwangi;lewishamilton
williammwangi;mercedesamgf1
john_stickel;valtteribottas
john_stickel;mercedesamgf1
jessychiap17;allthingsvettel
jessychiap17;sebvettelnews
jessychiap17;jessychiap17
jessychiap17;scuderiaferrari
1986juventus;scuderiaferrari
_moscardino;scuderiaferrari
_moscardino;f1
mynameisdomii;lewishamilton
mynameisdomii;mercedesamgf1
mynameisdomii;valtteribottas
megalomaxi92;forceindiaf1
megalomaxi92;scuderiaferrari
megalomaxi92;f1
ashdawson147;mclarenf1
ashdawson147;svandoorne
kupsie91;scuderiaferrari
kupsie91;mercedesamgf1
kupsie91;valtteribottas
jubilantgirl;skysportsf1
jubilantgirl;valtteribottas
jubilantgirl;mercedesamgf1
briceoka;scuderiaferrari
briceoka;f1
briceoka;nico_rosberg
briceoka;f1writers
adolfomontalvop;scuderiaferrari
adolfomontalvop;f1
adolfomontalvop;aztecadeportes
johnefekute;skysportsf1
johnefekute;valtteribottas
johnefekute;mercedesamgf1
johnefekute;lewishamilton
jess_car;f1
jess_car;jess_car
tigersolidsnake;scuderiaferrari
tigersolidsnake;f1
tigersolidsnake;sauberf1team
ganedrarama;scuderiaferrari
ganedrarama;ganedrarama
amsinyeccion;scuderiaferrari
amsinyeccion;f1
amsinyeccion;scuderia7
acarrilloa72;scuderiaferrari
acarrilloa72;f1
acarrilloa72;aztecadeportes
factuallmpala;jaxx_f1
factuallmpala;redbullracing
simply_formula;simply_formula
racetimeru;simply_formula
racetimeru;racetimeru
racetimeru;kvyatofficial
racetimeru;tororossospy
racetimeru;mercedesamgf1
racetimeru;nico_rosberg
nezuburu;scuderia7
nezuburu;f1hub
nezuburu;danielricciardo
nezuburu;ausgrandprix
nestor_cudra;f1latinamerica
nestor_cudra;f1
nestor_cudra;laf1surcanal
nestor_cudra;motorlat
nestor_cudra;forof1paraguay
nestor_cudra;scuderiaferrari
h3r3w3g03;mercedesamgf1
h3r3w3g03;valtteribottas
f1gregory;alo_oficial
f1gregory;max33verstappen
f1gregory;redbullracing
f1gregory;lewishamilton
f1gregory;mercedesamgf1
ryanlores;f1gregory
ryanlores;tororossospy
ryanlores;redbullracing
ryanlores;max33verstappen
carolbrnal;suttonimages
carolbrnal;mercedesamgf1
carolbrnal;lewishamilton
tandarica48;mclarenf1
tandarica48;svandoorne
tandarica48;alo_oficial
agus420;rtlde
agus420;f1
agus420;podolski10
agus420;scuderiaferrari
nick_cat7;valtteribottas
nick_cat7;lewishamilton
nick_cat7;f1
nick_cat7;mercedesamgf1
io_miky;io_miky
io_miky;nico_rosberg
io_miky;scuderiaferrari
real_reka_chips;lewishamilton
real_reka_chips;mercedesamgf1
real_reka_chips;ausgrandprix
real_reka_chips;f1
fiendkh__xlil;suttonimages
fiendkh__xlil;mercedesamgf1
fiendkh__xlil;lewishamilton
clarosports;schecoperez
soul23man;f1latinamerica
soul23man;forof1paraguay
soul23man;f1
htswjgblues1;valtteribottas
htswjgblues1;lewishamilton
juanbernalm;massafelipe19
juanbernalm;paddylowe
juanbernalm;williamsracing
juanbernalm;valtteribottas
juanbernalm;mercedesamgf1
juanbernalm;forceindiaf1
juanbernalm;oconesteban
juanbernalm;max33verstappen
juanbernalm;redbullracing
juanbernalm;aus_airforce
juanbernalm;danielricciardo
the_awesone_19;mattzel89
the_awesone_19;laf1surcanal
the_awesone_19;scuderiaferrari
the_awesone_19;vettel_formel1
vineshvnair;gianludale27
vineshvnair;vineshvnair
cronoyellow27;cronoyellow27
santiravidlaspy;rtlde
santiravidlaspy;podolski10
santiravidlaspy;f1
santiravidlaspy;scuderiaferrari
skysport;danielricciardo
jaxx_f1;bah_int_circuit
eko_sap56963457;jaxx_f1
eko_sap56963457;f1fanatic_co_uk
eko_sap56963457;sebvettelnews
eko_sap56963457;kimsterindo
eko_sap56963457;a3formula1
eko_sap56963457;motorsport
tar_patri;scuderiaferrari
tar_patri;allthingsvettel
tar_patri;sebvettelnews
tar_patri;mralexf1
pietroserri;scuderiaferrari
pietroserri;f1
pietroserri;aztecadeportes
stormjnyoureyes;mercedesamgf1
stormjnyoureyes;scuderiaferrari
stormjnyoureyes;formulahumor
f1_daniel5;sebvettelnews
f1_daniel5;bah_int_circuit
tientamle;aus_airforce
tientamle;danielricciardo
tientamle;redbullracing
smolenskyandrew;kimsterindo
smolenskyandrew;kvyatofficial
smolenskyandrew;tororossospy
fishtrenado;f1
mattyc16_;mattyc16_
mattyc16_;scuderiaferrari
mattyc16_;f1
jenlove48;kimsterindo
jenlove48;skytg24
wimsadmojo;mercedesamgf1
wimsadmojo;valtteribottas
wimsadmojo;f1
correntable;correntable
correntable;formulahumor
correntable;f1
correntable;scuderiaferrari
maresjuan7;scuderiaferrari
maresjuan7;f1
maresjuan7;aztecadeportes
mamamadisons;suttonimages
mamamadisons;mercedesamgf1
mamamadisons;lewishamilton
motorsport;motorsport
srose93;motorsport
alexs1man;motorsport
srose93;srose93
alexs1man;srose93
alexs1man;alexs1man
amilcar07gm;valtteribottas
amilcar07gm;mercedesamgf1
cdl450tvr;bah_int_circuit
cdl450tvr;valtteribottas
cdl450tvr;mercedesamgf1
albertoguaranda;oconesteban
albertoguaranda;forceindiaf1
albertoguaranda;f1
negro_piero;gnsolito
negro_piero;scuderiaferrari
negro_piero;f1
henry_albertof1;scuderiaferrari
henry_albertof1;f1
patrick_henz;scuderiaferrari
patrick_henz;f1
ezzy99_;max33verstappen
ezzy99_;f1
ezzy99_;scuderiaferrari
alfredobravo17;f1
alfredobravo17;f1latinamerica
alfredobravo17;scuderiaferrari
humbertodarold;a3formula1
humbertodarold;f1fanatic_co_uk
humbertodarold;valtteribottas
humbertodarold;mercedesamgf1
atljie;f1
atljie;atljie
aztecadeportes;scuderiaferrari
aztecadeportes;f1
dan_rigsby;hulkhulkenberg
russellstranspo;russellstranspo
russellstranspo;a3formula1
simongbrooks;simongbrooks
nickyfox22;hondaracingf1
nickyfox22;wtf1official
nickyfox22;sebvettelnews
nickyfox22;svandoorne
nickyfox22;mclarenf1
nickyfox22;andersonlaura12
americoscatena;skytg24
americoscatena;anto_giovinazzi
americoscatena;carlossainz55
americoscatena;scuderiaferrari
americoscatena;skysportf1hd
americoscatena;valtteribottas
americoscatena;lewishamilton
americoscatena;formulahumor
americoscatena;graftechweb
americoscatena;vettel_formel1
americoscatena;lovemaurizio
americoscatena;alessandrosala1
americoscatena;americoscatena
americoscatena;tororossospy
americoscatena;kvyatofficial
americoscatena;alo_oficial
lunaazul3003;mexicogp
lunaazul3003;schecoperez
lunaazul3003;scuderiaferrari
yhacbec;lovemaurizio
yhacbec;graftechweb
yhacbec;alessandrosala1
yhacbec;lewishamilton
yhacbec;mercedesamgf1
yhacbec;forceindiaf1
yhacbec;vettel_formel1
vettel_formel1;vettel_formel1
vettel_formel1;scuderiaferrari
isaias582;f1
isaias582;ausgrandprix
isaias582;scuderiaferrari
dukeroba;ausgrandprix
dukeroba;f1
dukeroba;redbullracing
goodwoodmar5hal;tororossospy
goodwoodmar5hal;mclarenf1
goodwoodmar5hal;scuderiaferrari
goodwoodmar5hal;redbullracing
goodwoodmar5hal;ausgrandprix
goodwoodmar5hal;f1
goodwoodmar5hal;valtteribottas
goodwoodmar5hal;mercedesamgf1
goodwoodmar5hal;skysportsf1
niccydarling;scuderiaferrari
niccydarling;f1
niccydarling;sebvettelnews
dan_rigsby;renaultsportf1
dan_rigsby;f1fanatic_co_uk
chrissiehotspur;dan_rigsby
chrissiehotspur;mclarenf1
andersonlaura12;andersonlaura12
chrissiehotspur;andersonlaura12
chrissiehotspur;forceindiaf1
chrissiehotspur;sebvettelnews
chrissiehotspur;svandoorne
altavelocidadtv;scuderiaferrari
altavelocidadtv;f1
altavelocidadtv;altavelocidadtv
delaclarinette;altavelocidadtv
delaclarinette;scuderiaferrari
delaclarinette;momentses
adorvehim;mercedesamgf1
adorvehim;scuderiaferrari
adorvehim;formulahumor
bizzartino;scuderiaferrari
bizzartino;f1
bizzartino;ausgrandprix
jeejily;valtteribottas
jeejily;mercedesamgf1
jeejily;lewishamilton
jeejily;redbullracing
jeejily;ausgrandprix
jeejily;f1
federicolescano;scuderiaferrari
federicolescano;federicolescano
dennybartowski;dennybartowski
dennybartowski;scuderiaferrari
skysportf1hd;danielricciardo
paciucci_olga;skysportf1hd
paciucci_olga;scuderiaferrari
paciucci_olga;f1
paciucci_olga;danielricciardo
avracing6;f1_vettel
avracing6;mercedesamgf1
avracing6;scuderiaferrari
serafinicole;mercedesamgf1
serafinicole;lewishamilton
serafinicole;scuderiaferrari
serafinicole;valtteribottas
crazymkenya;valtteribottas
crazymkenya;f1
crazymkenya;mercedesamgf1
c4f1;c4f1
c4f1;danielricciardo
momentses;momentses
aztecaguate;aztecaguate
kaenkay;ausgrandprix
kaenkay;f1
kaenkay;mercedesamgf1
kaenkay;valtteribottas
willie_blanton;mercedesamgf1
willie_blanton;lewishamilton
willie_blanton;scuderiaferrari
willie_blanton;f1
abschile;enricotornello
abschile;a3formula1
abschile;masterlap_com
abschile;nico_rosberg
abschile;scuderiaferrari
abschile;soy_f1
abschile;laf1surcanal
abschile;motorlat
abschile;telemetricof1
saporteza;lewishamilton
saporteza;mercedesamgf1
saporteza;valtteribottas
redbullracing;redbullracing
mercedesamgf1;valtteribottas
mercedesamgf1;lewishamilton
mercedesamgf1;mercedesamgf1
dburgersdijk;f1
yas_ivettel;allthingsvettel
yas_ivettel;mralexf1
yas_ivettel;sebvettelnews
yas_ivettel;scuderiaferrari
yas_ivettel;f1
forof1paraguay;f1
djpbut;mattzel89
automovilclick;telemetricof1
automovilclick;laf1surcanal
automovilclick;motorlat
automovilclick;soy_f1
forof1paraguay;forof1paraguay
hedelmelo;f1
hedelmelo;mercedesamgf1
hedelmelo;valtteribottas
thaisbehs;redbullracing
thaisbehs;tororossospy
thaisbehs;danielricciardo
godoy7967;f1latinamerica
godoy7967;valtteribottas
godoy7967;f1
siddiqbashar;gianludale27
siddiqbashar;f1
siddiqbashar;scuderiaferrari
siddiqbashar;redbullracing
naz3em;scuderiaferrari
naz3em;svandoorne
naz3em;f1
agus420;f1_paraguay
kkkrisuuu;scuderiaferrari
kkkrisuuu;mercedesamgf1
kkkrisuuu;valtteribottas
ffsgiovinco;scuderiaferrari
ffsgiovinco;f1
jero_charlone;f1
jero_charlone;suttonimages
jero_charlone;mercedesamgf1
jero_charlone;lewishamilton
josephf198;scuderiaferrari
josephf198;f1
mcrisever;pirellisport
mcrisever;scuderiaferrari
mcrisever;f1
cdjlvv;scuderiaferrari
cdjlvv;f1
cdjlvv;schecoperez
danielsahne94;mercedesamgf1
mireillebrigit;forceindiaf1
mireillebrigit;massafelipe19
mireillebrigit;williamsracing
mireillebrigit;fia_formula_1
maiky_spindle;lewishamilton
maiky_spindle;alo_oficial
maiky_spindle;mercedesamgf1
camigl10;scuderiaferrari
beglamourf1;valtteribottas
beglamourf1;f1
beglamourf1;scuderiaferrari
robinso47933191;f1
robinso47933191;mercedesamgf1
robinso47933191;valtteribottas
georgeyhowson95;essaargp
georgeyhowson95;ajl_f1
scud3k_;scud3k_
knightcharon;mclarenf1
knightcharon;svandoorne
knightcharon;f1
knightcharon;scuderiaferrari
scarro_ny;oconesteban
scarro_ny;anto_giovinazzi
scarro_ny;skysportf1hd
patrick_henz;fansofkr
beltramopaolo;oconesteban
beltramopaolo;anto_giovinazzi
beltramopaolo;skysportf1hd
jgrodriguesf;masterlap_com
jgrodriguesf;valtteribottas
jgrodriguesf;lewishamilton
fansofkr;fansofkr
fersantangelo;fansofkr
fersantangelo;enricotornello
fersantangelo;scuderiaferrari
fersantangelo;vettel_formel1
fersantangelo;sebvettelnews
fersantangelo;gianludale27
videsjavi;gianludale27
videsjavi;scuderiaferrari
videsjavi;f1
natan_silva77;scuderiaferrari
natan_silva77;f1
yt5528;lewishamilton
yt5528;alo_oficial
yt5528;mercedesamgf1
adhyra80;renaultsportf1
yhacbec;f1
yhacbec;sebvettelnews
yhacbec;allthingsvettel
kendizzlex3;scuderiaferrari
kendizzlex3;f1
hzq_hzmn;scuderiaferrari
hzq_hzmn;f1
hzq_hzmn;redbullracing
omega112;scuderiaferrari
omega112;f1
omega112;lewishamilton
henry_albertof1;mexicogp
2323232gshgsh;aus_airforce
2323232gshgsh;danielricciardo
2323232gshgsh;redbullracing
pimsterenberg;elierizkf1
pimsterenberg;scuderiaferrari
pimsterenberg;gianludale27
pimsterenberg;sebvettelnews
pimsterenberg;skysportsf1
amsuazac;mralexf1
amsuazac;sebvettelnews
amsuazac;allthingsvettel
oto_sports;redbullracing
oto_sports;f1
oto_sports;pirellisport
oto_sports;valtteribottas
oto_sports;mercedesamgf1
motorsport_it;oconesteban
motorsport_it;schecoperez
baulemargherite;oconesteban
baulemargherite;anto_giovinazzi
baulemargherite;skysportf1hd
lelecoccia;suttonimages
lelecoccia;mercedesamgf1
lelecoccia;lewishamilton
cronoyellow27;anto_giovinazzi
explenture;mercedesamgf1
explenture;valtteribottas
explenture;scuderiaferrari
explenture;f1
rajkumar_starz;mercedesamgf1
rajkumar_starz;scuderiaferrari
rajkumar_starz;formulahumor
juanbernalm;enricotornello
juanbernalm;scuderiaferrari
juanbernalm;f1
carlitosj2011;carlitosj2011
andrea90f1;kvyatofficial
andrea90f1;andrea90f1
kate_samayoa;allthingsvettel
kate_samayoa;sebvettelnews
kate_samayoa;scuderiaferrari
kate_samayoa;f1
nori_333;lewishamilton
nori_333;alo_oficial
nori_333;mercedesamgf1
aniketkhomane;ausgrandprix
aniketkhomane;f1
aniketkhomane;valtteribottas
aniketkhomane;max33verstappen
f1_girl_sv;andersonlaura12
f1_girl_sv;renaultsportf1
f1_girl_sv;f1
f1_girl_sv;scuderiaferrari
f1_girl_sv;gianludale27
fatimazahra_s;scuderiaferrari
fatimazahra_s;f1
fatimazahra_s;fatimazahra_s
amilcar07gm;alayzell20297
amilcar07gm;essaarmsport
amilcar07gm;nico_rosberg
amilcar07gm;tororossospy
januszcwikla;lewishamilton
januszcwikla;valtteribottas
januszcwikla;redbullracing
januszcwikla;f1
januszcwikla;scuderiaferrari
marcos12091989;f1
marcos12091989;anto_giovinazzi
marcos12091989;oconesteban
marcos12091989;forceindiaf1
marcos12091989;wtf1official
carvajavo;enricotornello
bruce_lee23;f1
bruce_lee23;scuderiaferrari
bruce_lee23;mercedesamgf1
xvillalba1;valtteribottas
xvillalba1;f1
xvillalba1;mercedesamgf1
xvillalba1;lewishamilton
f1ygolf;soy_f1
f1ygolf;enricotornello
allischacon;f1ygolf
allischacon;scuderiaferrari
allischacon;soy_f1
fabi59460;f1
fabi59460;danielricciardo
fabi59460;scuderiaferrari
fabi59460;oconesteban
fabi59460;forceindiaf1
fabi59460;ausgrandprix
fabi59460;svandoorne
fabi59460;mercedesamgf1
fabi59460;valtteribottas
fabi59460;max33verstappen
william50386522;f1
filippo898;gianludale27
deportivamich;deportivamich
deportivamich;schecoperez
pvshatunov;mercedesamgf1
pvshatunov;valtteribottas
pvshatunov;scuderiaferrari
jorge_rebe12;lewishamilton
jorge_rebe12;alo_oficial
jorge_rebe12;mercedesamgf1
cheekycorini;ericsson_marcus
cheekycorini;anto_giovinazzi
cheekycorini;paddylowe
cheekycorini;kvyatofficial
cheekycorini;haasf1team
cheekycorini;renaultsportf1
cheekycorini;svandoorne
cheekycorini;f1
cheekycorini;suttonimages
cheekycorini;mercedesamgf1
cheekycorini;lewishamilton
cheekycorini;aus_airforce
cheekycorini;skysportsf1
cheekycorini;hulkhulkenberg
cheekycorini;scuderiaferrari
cheekycorini;c4f1
cheekycorini;valtteribottas
cheekycorini;mclarenf1
cheekycorini;sauberf1team
cheekycorini;oconesteban
cheekycorini;williamsracing
cheekycorini;massafelipe19
cheekycorini;forceindiaf1
cheekycorini;f1fanatic_co_uk
cheekycorini;carlossainz55
lucasdeu;scuderiaferrari
lucasdeu;f1
lucasdeu;wtf1official
evenstarsaima;scuderiaferrari
evenstarsaima;f1
evenstarsaima;pirellisport
teamamgf1;mercedesamgf1
teamamgf1;valtteribottas
teamamgf1;lewishamilton
teamamgf1;ausgrandprix
teamamgf1;f1
teamamgf1;oconesteban
john_stickel;scuderiaferrari
john_stickel;f1
willie_blanton;willie_blanton
darioarv;scuderiaferrari
darioarv;enricotornello
darioarv;f1
dburgersdijk;scuderiaferrari
dburgersdijk;pirellisport
martincandiab;laf1surcanal
martincandiab;motorlat
martincandiab;enricotornello
joanne7r;lewishamilton
joanne7r;mercedesamgf1
joanne7r;f1
ritaaladeen5;scuderiaferrari
ritaaladeen5;f1
ritaaladeen5;nico_rosberg
hadymawasy;f1
hadymawasy;mercedesamgf1
hadymawasy;valtteribottas
matthewnotmatt;f1
matthewnotmatt;skysportsf1
matthewnotmatt;scuderiaferrari
cuscorepublica;scuderiaferrari
cuscorepublica;f1
cuscorepublica;max33verstappen
cuscorepublica;ausgrandprix
cuscorepublica;valtteribottas
charlybrown93;lewishamilton
charlybrown93;alo_oficial
charlybrown93;mercedesamgf1
filhopaulo2012;gianludale27
filhopaulo2012;ausgrandprix
_dieciagosto;pieroladisa
_dieciagosto;elisagaggioli
_dieciagosto;f1
_dieciagosto;gianludale27
ashdawson147;ashdawson147
ashdawson147;wtf1official
arseniy1980;motorsport
torillo59;scuderiaferrari
torillo59;skysportf1hd
torillo59;sebvettelnews
tandarica48;f1
grandprixfundf1;scuderiaferrari
grandprixfundf1;mercedesamgf1
grandprixfundf1;valtteribottas
alexander_arold;f1
alexander_arold;scuderiaferrari
alexander_arold;mercedesamgf1
alexander_arold;valtteribottas
23senna;mexicogp
23senna;f1latinamerica
23senna;enricotornello
23senna;scuderiaferrari
jeseluna8;f1
dodajpodaj;sebvettelnews
dodajpodaj;scuderiaferrari
dodajpodaj;f1
adrysns916;supersporttv
act_lightning;williamsracing
act_lightning;hulkhulkenberg
act_lightning;wtf1official
act_lightning;massafelipe19
act_lightning;renaultsportf1
act_lightning;f1
act_lightning;lewishamilton
act_lightning;mercedesamgf1
vitors2000;scuderiaferrari
vitors2000;f1
formula1fanzone;formula1fanzone
yoshua_h;valtteribottas
yoshua_h;f1
yoshua_h;danielricciardo
yoshua_h;oconesteban
yoshua_h;forceindiaf1
yoshua_h;svandoorne
yoshua_h;ausgrandprix
yoshua_h;scuderiaferrari
f1hub;f1hub
wakeupmob;f1hub
wakeupmob;pirellisport
wakeupmob;mclarenf1
wakeupmob;gianludale27
wakeupmob;f1writers
wakeupmob;sebvettelnews
wakeupmob;scuderiaferrari
wakeupmob;f1
wakeupmob;scuderia7
meriuska;lewishamilton
meriuska;a3formula1
meriuska;alo_oficial
meriuska;soymotor
saetta_mcqueen;soymotor
noawyne;motorsport
noawyne;scuderiaferrari
noawyne;f1
nycnyc;nycnyc
nycnyc;scuderiaferrari
nycnyc;f1
tigerzx59;scuderiaferrari
tigerzx59;sebvettelnews
rc_xtr3m;tigerzx59
rc_xtr3m;michaelcarus0
rc_xtr3m;toddkellyracing
rc_xtr3m;nissan_msport
rc_xtr3m;scuderiaferrari
rc_xtr3m;sebvettelnews
rc_xtr3m;wtf1official
f1writers;movistar_f1
f1writers;f1writers
laaficion;schecoperez
rojasandreaj;schecoperez
rojasandreaj;laaficion
rojasandreaj;f1
francorral711;momentses
f1latinamerica;f1latinamerica
francorral711;f1latinamerica
francorral711;telemetricof1
francorral711;scuderiaferrari
corra_davide;corra_davide
corra_davide;mercedesamgf1
supersporttv;supersporttv
deekaysss;supersporttv
deekaysss;scuderiaferrari
deekaysss;f1
1972boro;hondaracingf1
1972boro;wtf1official
1972boro;scuderiaferrari
1972boro;f1
1972boro;ausgrandprix
1972boro;svandoorne
joana3028;sebvettelnews
joana3028;c4f1
joana3028;mercedesamgf1
joana3028;oconesteban
joana3028;svandoorne
joana3028;lewishamilton
joana3028;valtteribottas
joana3028;f1
joana3028;danielricciardo
graftechweb;marcoasfalto
graftechweb;alessandrosala1
graftechweb;scuderiaferrari
soymotor;soymotor
hermibaby;nico_rosberg
hermibaby;ausgrandprix
hermibaby;danielricciardo
f1;scuderiaferrari
hermibaby;f1
hermibaby;scuderiaferrari
hermibaby;valtteribottas
